[{"model": "sessions.session", "pk": "599ouen9jpm3pgtljtlcp4ndsaovw4h1", "fields": {"session_data": ".eJxVjEEOwiAQRe_C2hAGhnZ06d4zkIGhUjU0Ke3KeHfbpAvd_vfef6vA61LC2vIcRlEX5dTpd4ucnrnuQB5c75NOU13mMepd0Qdt-jZJfl0P9--gcCtbbRFIkDGTQOeFokEDnjhipOwoi-s7RugjWAvnjZKzLqEzNAySxKvPF8ZaNzQ:1kfKUM:cW-se5_HxbkxPSOyh_Jwk34AahURENWJrq8DJHyObs4", "expire_date": "2020-12-02T10:14:58.881Z"}}, {"model": "sessions.session", "pk": "ghrhcvicsvjw8qwp8oxnlcqb8450exlg", "fields": {"session_data": "Yjk2ZDliZGI3ODJlNWNjMDdkYTJjZTFmMGRhMzk5OWNkYjU1Y2VjNjp7Il9hdXRoX3VzZXJfaWQiOiIzIiwiX2F1dGhfdXNlcl9iYWNrZW5kIjoiZGphbmdvLmNvbnRyaWIuYXV0aC5iYWNrZW5kcy5Nb2RlbEJhY2tlbmQiLCJfYXV0aF91c2VyX2hhc2giOiI0OWIzOTFkNGUyOGE4ZTU5MmNjOGNiYTg2MWYwOTE0YmYwOTI0NWY0In0=", "expire_date": "2020-11-24T11:57:03.226Z"}}, {"model": "sessions.session", "pk": "l20r56uje2nvbk76w4xuhw52nhmp8qmr", "fields": {"session_data": "Yjk2ZDliZGI3ODJlNWNjMDdkYTJjZTFmMGRhMzk5OWNkYjU1Y2VjNjp7Il9hdXRoX3VzZXJfaWQiOiIzIiwiX2F1dGhfdXNlcl9iYWNrZW5kIjoiZGphbmdvLmNvbnRyaWIuYXV0aC5iYWNrZW5kcy5Nb2RlbEJhY2tlbmQiLCJfYXV0aF91c2VyX2hhc2giOiI0OWIzOTFkNGUyOGE4ZTU5MmNjOGNiYTg2MWYwOTE0YmYwOTI0NWY0In0=", "expire_date": "2020-11-23T17:06:33.928Z"}}, {"model": "title_api_app.category", "pk": 1, "fields": {"name": "\u0424\u0438\u043b\u044c\u043c", "slug": "movie"}}, {"model": "title_api_app.category", "pk": 2, "fields": {"name": "\u041a\u043d\u0438\u0433\u0430", "slug": "book"}}, {"model": "title_api_app.category", "pk": 3, "fields": {"name": "\u041c\u0443\u0437\u044b\u043a\u0430", "slug": "music"}}, {"model": "title_api_app.category", "pk": 6, "fields": {"name": "\u041a\u0443\u043b\u0438\u043d\u0430\u0440\u0438\u044f", "slug": "cook"}}, {"model": "title_api_app.category", "pk": 7, "fields": {"name": "\u0411\u0443\u043a\u0432\u043e\u0435\u0434\u0441\u0442\u0432\u043e", "slug": "bookv"}}, {"model": "title_api_app.genre", "pk": 1, "fields": {"name": "\u0414\u0440\u0430\u043c\u0430", "slug": "drama"}}, {"model": "title_api_app.genre", "pk": 2, "fields": {"name": "\u041a\u043e\u043c\u0435\u0434\u0438\u044f", "slug": "comedy"}}, {"model": "title_api_app.genre", "pk": 3, "fields": {"name": "\u0412\u0435\u0441\u0442\u0435\u0440\u043d", "slug": "western"}}, {"model": "title_api_app.genre", "pk": 4, "fields": {"name": "\u0424\u044d\u043d\u0442\u0435\u0437\u0438", "slug": "fantasy"}}, {"model": "title_api_app.genre", "pk": 5, "fields": {"name": "\u0424\u0430\u043d\u0442\u0430\u0441\u0442\u0438\u043a\u0430", "slug": "sci-fi"}}, {"model": "title_api_app.genre", "pk": 6, "fields": {"name": "\u0414\u0435\u0442\u0435\u043a\u0442\u0438\u0432", "slug": "detective"}}, {"model": "title_api_app.genre", "pk": 7, "fields": {"name": "\u0422\u0440\u0438\u043b\u043b\u0435\u0440", "slug": "thriller"}}, {"model": "title_api_app.genre", "pk": 8, "fields": {"name": "\u0421\u043a\u0430\u0437\u043a\u0430", "slug": "tale"}}, {"model": "title_api_app.genre", "pk": 9, "fields": {"name": "\u0413\u043e\u043d\u0437\u043e", "slug": "gonzo"}}, {"model": "title_api_app.genre", "pk": 10, "fields": {"name": "\u0420\u043e\u043c\u0430\u043d", "slug": "roman"}}, {"model": "title_api_app.genre", "pk": 11, "fields": {"name": "\u0411\u0430\u043b\u043b\u0430\u0434\u0430", "slug": "ballad"}}, {"model": "title_api_app.genre", "pk": 12, "fields": {"name": "Rock-n-roll", "slug": "rock-n-roll"}}, {"model": "title_api_app.genre", "pk": 13, "fields": {"name": "\u041a\u043b\u0430\u0441\u0441\u0438\u043a\u0430", "slug": "classical"}}, {"model": "title_api_app.genre", "pk": 14, "fields": {"name": "\u0420\u043e\u043a", "slug": "rock"}}, {"model": "title_api_app.genre", "pk": 15, "fields": {"name": "\u0428\u0430\u043d\u0441\u043e\u043d", "slug": "chanson"}}, {"model": "title_api_app.title", "pk": 1, "fields": {"name": "\u041f\u043e\u0431\u0435\u0433 \u0438\u0437 \u0428\u043e\u0443\u0448\u0435\u043d\u043a\u0430", "description": "", "year": 1994, "category": 1, "genre": [1]}}, {"model": "title_api_app.title", "pk": 2, "fields": {"name": "\u041a\u0440\u0435\u0441\u0442\u043d\u044b\u0439 \u043e\u0442\u0435\u0446", "description": "", "year": 1972, "category": 1, "genre": [1]}}, {"model": "title_api_app.title", "pk": 3, "fields": {"name": "12 \u0440\u0430\u0437\u0433\u043d\u0435\u0432\u0430\u043d\u043d\u044b\u0445 \u043c\u0443\u0436\u0447\u0438\u043d", "description": "", "year": 1957, "category": 1, "genre": [1]}}, {"model": "title_api_app.title", "pk": 4, "fields": {"name": "\u0421\u043f\u0438\u0441\u043e\u043a \u0428\u0438\u043d\u0434\u043b\u0435\u0440\u0430", "description": "", "year": 1993, "category": 1, "genre": [1]}}, {"model": "title_api_app.title", "pk": 5, "fields": {"name": "\u041a\u0440\u0438\u043c\u0438\u043d\u0430\u043b\u044c\u043d\u043e\u0435 \u0447\u0442\u0438\u0432\u043e", "description": "", "year": 1994, "category": 1, "genre": [2, 6, 7]}}, {"model": "title_api_app.title", "pk": 6, "fields": {"name": "\u0425\u043e\u0440\u043e\u0448\u0438\u0439, \u043f\u043b\u043e\u0445\u043e\u0439, \u0437\u043b\u043e\u0439", "description": "", "year": 1966, "category": 1, "genre": [3]}}, {"model": "title_api_app.title", "pk": 7, "fields": {"name": "\u0412\u043b\u0430\u0441\u0442\u0435\u043b\u0438\u043d \u043a\u043e\u043b\u0435\u0446: \u0411\u0440\u0430\u0442\u0441\u0442\u0432\u043e \u043a\u043e\u043b\u044c\u0446\u0430", "description": "", "year": 2001, "category": 1, "genre": [4]}}, {"model": "title_api_app.title", "pk": 8, "fields": {"name": "\u0411\u043e\u0439\u0446\u043e\u0432\u0441\u043a\u0438\u0439 \u043a\u043b\u0443\u0431", "description": "", "year": 1999, "category": 1, "genre": [7]}}, {"model": "title_api_app.title", "pk": 9, "fields": {"name": "\u0424\u043e\u0440\u0440\u0435\u0441\u0442 \u0413\u0430\u043c\u043f", "description": "", "year": 1994, "category": 1, "genre": [1, 2]}}, {"model": "title_api_app.title", "pk": 10, "fields": {"name": "\u0417\u0432\u0451\u0437\u0434\u043d\u044b\u0435 \u0432\u043e\u0439\u043d\u044b. \u042d\u043f\u0438\u0437\u043e\u0434 5: \u0418\u043c\u043f\u0435\u0440\u0438\u044f \u043d\u0430\u043d\u043e\u0441\u0438\u0442 \u043e\u0442\u0432\u0435\u0442\u043d\u044b\u0439 \u0443\u0434\u0430\u0440", "description": "", "year": 1980, "category": 1, "genre": [4]}}, {"model": "title_api_app.title", "pk": 11, "fields": {"name": "\u0412\u043b\u0430\u0441\u0442\u0435\u043b\u0438\u043d \u043a\u043e\u043b\u0435\u0446: \u0414\u0432\u0435 \u043a\u0440\u0435\u043f\u043e\u0441\u0442\u0438", "description": "", "year": 2002, "category": 1, "genre": [4]}}, {"model": "title_api_app.title", "pk": 12, "fields": {"name": "\u041c\u0430\u0442\u0440\u0438\u0446\u0430", "description": "", "year": 1999, "category": 1, "genre": [1, 5, 6, 8]}}, {"model": "title_api_app.title", "pk": 13, "fields": {"name": "\u041f\u0440\u043e\u043b\u0435\u0442\u0430\u044f \u043d\u0430\u0434 \u0433\u043d\u0435\u0437\u0434\u043e\u043c \u043a\u0443\u043a\u0443\u0448\u043a\u0438", "description": "", "year": 1975, "category": 1, "genre": [1]}}, {"model": "title_api_app.title", "pk": 14, "fields": {"name": "\u041d\u0430\u0437\u0430\u0434 \u0432 \u0431\u0443\u0434\u0443\u0449\u0435\u0435", "description": "", "year": 1985, "category": 1, "genre": [5]}}, {"model": "title_api_app.title", "pk": 15, "fields": {"name": "\u041e\u043f\u0435\u0440\u0430\u0446\u0438\u044f \u00ab\u042b\u00bb \u0438 \u0434\u0440\u0443\u0433\u0438\u0435 \u043f\u0440\u0438\u043a\u043b\u044e\u0447\u0435\u043d\u0438\u044f \u0428\u0443\u0440\u0438\u043a\u0430", "description": "", "year": 1965, "category": 1, "genre": [2, 6, 8]}}, {"model": "title_api_app.title", "pk": 16, "fields": {"name": "\u041a\u0430\u0440\u0442\u044b, \u0434\u0435\u043d\u044c\u0433\u0438, \u0434\u0432\u0430 \u0441\u0442\u0432\u043e\u043b\u0430", "description": "", "year": 1998, "category": 1, "genre": [2]}}, {"model": "title_api_app.title", "pk": 17, "fields": {"name": "\u0414\u0436\u0435\u043d\u0442\u043b\u044c\u043c\u0435\u043d\u044b \u0443\u0434\u0430\u0447\u0438", "description": "", "year": 1971, "category": 1, "genre": [2]}}, {"model": "title_api_app.title", "pk": 18, "fields": {"name": "\u0414\u0436\u0430\u043d\u0433\u043e \u043e\u0441\u0432\u043e\u0431\u043e\u0436\u0434\u0435\u043d\u043d\u044b\u0439", "description": "", "year": 2012, "category": 1, "genre": [1]}}, {"model": "title_api_app.title", "pk": 19, "fields": {"name": "Generation \u041f", "description": "", "year": 2011, "category": 1, "genre": [1]}}, {"model": "title_api_app.title", "pk": 20, "fields": {"name": "\u041a\u043e\u043b\u043e\u0431\u043e\u043a", "description": "", "year": 1873, "category": 2, "genre": [7, 8]}}, {"model": "title_api_app.title", "pk": 21, "fields": {"name": "\u0421\u0442\u0440\u0430\u0445 \u0438 \u043d\u0435\u043d\u0430\u0432\u0438\u0441\u0442\u044c \u0432 \u041b\u0430\u0441-\u0412\u0435\u0433\u0430\u0441\u0435", "description": "", "year": 1971, "category": 2, "genre": [9]}}, {"model": "title_api_app.title", "pk": 22, "fields": {"name": "\u0412\u043e\u0439\u043d\u0430 \u0438 \u043c\u0438\u0440", "description": "", "year": 1865, "category": 2, "genre": [10]}}, {"model": "title_api_app.title", "pk": 23, "fields": {"name": "\u0423\u043b\u0438\u0441\u0441", "description": "", "year": 1918, "category": 2, "genre": [10]}}, {"model": "title_api_app.title", "pk": 24, "fields": {"name": "Generation \u041f", "description": "", "year": 1999, "category": 2, "genre": [10]}}, {"model": "title_api_app.title", "pk": 25, "fields": {"name": "\u0412\u0438\u043d\u043d\u0438 \u041f\u0443\u0445 \u0438 \u0432\u0441\u0435-\u0432\u0441\u0435-\u0432\u0441\u0435", "description": "", "year": 1926, "category": 2, "genre": [8]}}, {"model": "title_api_app.title", "pk": 26, "fields": {"name": "\u0421\u0442\u0430\u0441 \u041c\u0438\u0445\u0430\u0439\u043b\u043e\u0432 - \u041f\u043e\u0437\u044b\u0432\u043d\u044b\u0435 \u043d\u0430 \u043b\u044e\u0431\u043e\u0432\u044c", "description": "", "year": 2004, "category": 3, "genre": [15]}}, {"model": "title_api_app.title", "pk": 27, "fields": {"name": "Led Zeppelin \u2014 Stairway to Heaven", "description": "", "year": 1971, "category": 3, "genre": [11, 14]}}, {"model": "title_api_app.title", "pk": 28, "fields": {"name": "Jethro Tull - Aqualung", "description": "", "year": 1971, "category": 3, "genre": [11]}}, {"model": "title_api_app.title", "pk": 29, "fields": {"name": "Elvis Presley - Blue Suede Shoes", "description": "", "year": 1955, "category": 3, "genre": [12]}}, {"model": "title_api_app.title", "pk": 30, "fields": {"name": "Deep Purple \u2014 Smoke on the Water", "description": "", "year": 1971, "category": 3, "genre": [14]}}, {"model": "title_api_app.title", "pk": 31, "fields": {"name": "\u041c\u043e\u0446\u0430\u0440\u0442 - \u0422\u0443\u0440\u0435\u0446\u043a\u0438\u0439 \u043c\u0430\u0440\u0448", "description": "", "year": 1784, "category": 3, "genre": [13]}}, {"model": "title_api_app.title", "pk": 32, "fields": {"name": "\u0411\u0430\u0445. \u041e\u0440\u043a\u0435\u0441\u0442\u0440\u043e\u0432\u0430\u044f \u0421\u044e\u0438\u0442\u0430 \u21162 \u0441\u0438 \u043c\u0438\u043d\u043e\u0440", "description": "", "year": 1739, "category": 3, "genre": [13]}}, {"model": "title_api_app.title", "pk": 75, "fields": {"name": "\u0422\u0435\u0441\u0442\u043e\u0432\u044b\u0439 \u0444\u0438\u043b\u044c\u043c", "description": "", "year": 1920, "category": 1, "genre": [1]}}, {"model": "users_api_app.customuser", "pk": 1, "fields": {"password": "", "last_login": null, "is_superuser": true, "username": "igor", "first_name": "\u0418\u0433\u043e\u0440\u044c", "last_name": "\u041c\u0438\u0440\u043e\u043d\u043e\u0432", "is_staff": false, "is_active": true, "date_joined": "2020-11-05T07:13:34.812Z", "bio": "", "email": "igor@g.ru", "role": "3", "groups": [], "user_permissions": []}}, {"model": "users_api_app.customuser", "pk": 2, "fields": {"password": "1", "last_login": "2020-11-05T07:17:01Z", "is_superuser": true, "username": "vitya", "first_name": "\u0412\u0438\u043a\u0442\u043e\u0440", "last_name": "\u0421\u0435\u0440\u0433\u0435\u0435\u0432", "is_staff": true, "is_active": true, "date_joined": "2020-11-05T07:16:44Z", "bio": "", "email": "vitya@g.ru", "role": "3", "groups": [], "user_permissions": []}}, {"model": "users_api_app.customuser", "pk": 3, "fields": {"password": "pbkdf2_sha256$216000$ssj4si7hLlLh$3qrwYRjBqnX2l0OcdDMJpeAW/pIFqWEkSKbhxrxGwlw=", "last_login": "2020-11-18T10:14:58.869Z", "is_superuser": true, "username": "stas", "first_name": "\u0421\u0442\u0430\u0441\u044f\u043d", "last_name": "\u0421\u0442\u0430\u0441\u044f\u043d\u043e\u0432\u0441\u043a\u0438\u0439", "is_staff": true, "is_active": true, "date_joined": "2020-11-05T07:19:49Z", "bio": "some_bio1", "email": "stas@g.ru", "role": "admin", "groups": [], "user_permissions": []}}, {"model": "users_api_app.customuser", "pk": 4, "fields": {"password": "pbkdf2_sha256$180000$ZUH3QxzV2Jlv$bWIj4s6H1S7MYf3nF1u5MlRzD3yqfaeobEDs04RZcxY=", "last_login": null, "is_superuser": false, "username": "lena", "first_name": "\u041b\u0435\u043d\u0430", "last_name": "\u041c\u0430\u043a\u0430\u0440\u043e\u0432\u0430", "is_staff": false, "is_active": true, "date_joined": "2020-11-05T07:20:52.780Z", "bio": "", "email": "lena@g.ru", "role": "3", "groups": [], "user_permissions": []}}, {"model": "users_api_app.customuser", "pk": 6, "fields": {"password": "!TMYBOEfZ9bWwOal0S8PjdaCemcVvcUKt3z5x6g1l", "last_login": null, "is_superuser": false, "username": "masha", "first_name": "\u041c\u0430\u0448\u0430", "last_name": "\u0411\u043e\u0440\u0437\u0443\u043d\u043e\u0432\u0430", "is_staff": false, "is_active": true, "date_joined": "2020-11-05T07:25:05.789Z", "bio": "", "email": "masha@g.ru", "role": "3", "groups": [], "user_permissions": []}}, {"model": "users_api_app.customuser", "pk": 7, "fields": {"password": "!8mlplgTtc6v2z0LPGfa9PKW3RQSm2JhMXHSD0wKN", "last_login": null, "is_superuser": false, "username": "egor", "first_name": "\u0415\u0433\u043e\u0440", "last_name": "\u041b\u0435\u0442\u043e\u0432", "is_staff": false, "is_active": true, "date_joined": "2020-11-05T07:29:02.596Z", "bio": "", "email": "egor@g.ru", "role": "3", "groups": [], "user_permissions": []}}, {"model": "users_api_app.customuser", "pk": 9, "fields": {"password": "pbkdf2_sha256$180000$J2hvIoCnRyLN$1lZ3/1ot1n8KkE7hdmMowjjP1ZqthMJVuLekakkjXYA=", "last_login": "2020-11-05T19:34:09.762Z", "is_superuser": false, "username": "yura", "first_name": "\u042e\u0440\u0430", "last_name": "\u041f\u0440\u043e\u043d\u0438\u043d", "is_staff": false, "is_active": true, "date_joined": "2020-11-05T19:00:38.339Z", "bio": "", "email": "yura@g.ru", "role": "3", "groups": [], "user_permissions": []}}, {"model": "users_api_app.customuser", "pk": 12, "fields": {"password": "pbkdf2_sha256$180000$qfklGTQWvyTl$oZ2GzsUKjLBTAWsLg06SZIVFWc/NGUsqkH8vuSVj3hQ=", "last_login": "2020-11-08T13:29:51.600Z", "is_superuser": false, "username": "", "first_name": "", "last_name": "", "is_staff": false, "is_active": true, "date_joined": "2020-11-07T14:36:13Z", "bio": "", "email": "oleg@g.ru", "role": "3", "groups": [], "user_permissions": []}}, {"model": "users_api_app.customuser", "pk": 14, "fields": {"password": "", "last_login": null, "is_superuser": false, "username": "misha", "first_name": "\u041c\u0438\u0445\u0430\u0438\u043b", "last_name": "\u0418\u0432\u0430\u043d\u043e\u0432", "is_staff": false, "is_active": true, "date_joined": "2020-11-08T14:55:39.472Z", "bio": "", "email": "misha@m.ru", "role": "user", "groups": [], "user_permissions": []}}, {"model": "users_api_app.customuser", "pk": 17, "fields": {"password": "vfq4XDNdm7", "last_login": null, "is_superuser": false, "username": "6@g.ru", "first_name": "", "last_name": "", "is_staff": false, "is_active": true, "date_joined": "2020-11-10T08:53:15Z", "bio": "", "email": "6@g.ru", "role": "user", "groups": [], "user_permissions": []}}, {"model": "users_api_app.customuser", "pk": 18, "fields": {"password": "S8ZBf4njAc", "last_login": null, "is_superuser": false, "username": "7@g.ru", "first_name": "", "last_name": "", "is_staff": false, "is_active": true, "date_joined": "2020-11-10T09:04:50.169Z", "bio": "", "email": "7@g.ru", "role": "user", "groups": [], "user_permissions": []}}, {"model": "users_api_app.customuser", "pk": 19, "fields": {"password": "JqVgPqEALq", "last_login": null, "is_superuser": false, "username": "5@g.ru", "first_name": "", "last_name": "", "is_staff": false, "is_active": true, "date_joined": "2020-11-10T09:07:33.866Z", "bio": "", "email": "5@g.ru", "role": "user", "groups": [], "user_permissions": []}}, {"model": "users_api_app.customuser", "pk": 20, "fields": {"password": "ACBHGyKMmf", "last_login": null, "is_superuser": false, "username": "10@g.ru", "first_name": "", "last_name": "", "is_staff": false, "is_active": true, "date_joined": "2020-11-10T09:13:40.173Z", "bio": "", "email": "10@g.ru", "role": "user", "groups": [], "user_permissions": []}}, {"model": "users_api_app.customuser", "pk": 21, "fields": {"password": "84jQwFLJyF", "last_login": null, "is_superuser": false, "username": "11@g.ru", "first_name": "", "last_name": "", "is_staff": false, "is_active": true, "date_joined": "2020-11-10T09:14:24Z", "bio": "", "email": "11@g.ru", "role": "user", "groups": [], "user_permissions": []}}, {"model": "users_api_app.customuser", "pk": 22, "fields": {"password": "4eVnYmKJpk", "last_login": null, "is_superuser": false, "username": "12@g.ru", "first_name": "", "last_name": "", "is_staff": false, "is_active": true, "date_joined": "2020-11-10T09:17:36.639Z", "bio": "", "email": "12@g.ru", "role": "user", "groups": [], "user_permissions": []}}, {"model": "users_api_app.customuser", "pk": 23, "fields": {"password": "Knp6HGZXGL", "last_login": null, "is_superuser": false, "username": "15@g.ru", "first_name": "", "last_name": "", "is_staff": false, "is_active": true, "date_joined": "2020-11-10T09:18:31.129Z", "bio": "", "email": "15@g.ru", "role": "user", "groups": [], "user_permissions": []}}, {"model": "users_api_app.customuser", "pk": 24, "fields": {"password": "ywLHEpLHtp", "last_login": null, "is_superuser": false, "username": "g@11.ru", "first_name": "", "last_name": "", "is_staff": false, "is_active": true, "date_joined": "2020-11-10T09:22:15.668Z", "bio": "", "email": "g@11.ru", "role": "user", "groups": [], "user_permissions": []}}, {"model": "users_api_app.customuser", "pk": 25, "fields": {"password": "", "last_login": null, "is_superuser": false, "username": "23@g.ru", "first_name": "", "last_name": "", "is_staff": false, "is_active": true, "date_joined": "2020-11-10T09:32:13.332Z", "bio": "", "email": "23@g.ru", "role": "user", "groups": [], "user_permissions": []}}, {"model": "users_api_app.customuser", "pk": 26, "fields": {"password": "pbkdf2_sha256$180000$eOiuxFJGacQo$nDa9nmcw9TOx4M4hH+MIycyzQtgFITzQ1PirooKYsgg=", "last_login": "2020-11-10T09:34:32.806Z", "is_superuser": false, "username": "24@g.ru", "first_name": "", "last_name": "", "is_staff": false, "is_active": true, "date_joined": "2020-11-10T09:33:57.124Z", "bio": "", "email": "24@g.ru", "role": "user", "groups": [], "user_permissions": []}}, {"model": "users_api_app.customuser", "pk": 27, "fields": {"password": "pbkdf2_sha256$180000$bZdwNxVmMtca$XcTGtHvdLwAprxMCyjoQgZ1NgEN9Sb6IjU53vGr5vnM=", "last_login": "2020-11-10T09:36:33.124Z", "is_superuser": false, "username": "30@g.ru", "first_name": "", "last_name": "", "is_staff": false, "is_active": true, "date_joined": "2020-11-10T09:36:01.490Z", "bio": "", "email": "30@g.ru", "role": "user", "groups": [], "user_permissions": []}}, {"model": "users_api_app.customuser", "pk": 28, "fields": {"password": "pbkdf2_sha256$180000$RjTDTubiQRKP$ld6Av0Y4tGKLlRyDIMx9f0uQUnrf26Ax3m3Vzh+JJZU=", "last_login": "2020-11-10T13:15:48.472Z", "is_superuser": false, "username": "61@g.ru", "first_name": "", "last_name": "", "is_staff": false, "is_active": true, "date_joined": "2020-11-10T12:34:20.132Z", "bio": "", "email": "61@g.ru", "role": "user", "groups": [], "user_permissions": []}}, {"model": "title_api_app.review", "pk": 1, "fields": {"author": 1, "title": 1, "text": "\u0421\u0442\u0430\u0432\u043b\u044e \u0434\u0435\u0441\u044f\u0442\u044c \u0437\u0432\u0451\u0437\u0434!!!\r\n...\u042d\u0442\u0438 \u0433\u043e\u043b\u043e\u0441\u0430 \u0431\u044b\u043b\u0438 \u0447\u0438\u0449\u0435 \u0438 \u0441\u0432\u0435\u0442\u043b\u0435\u0435 \u0442\u0435\u0445, \u043e \u043a\u043e\u0442\u043e\u0440\u044b\u0445 \u043c\u0435\u0447\u0442\u0430\u043b\u0438 \u0432 \u044d\u0442\u043e\u043c \u0441\u0435\u0440\u043e\u043c, \u0443\u0431\u043e\u0433\u043e\u043c \u043c\u0435\u0441\u0442\u0435. \u041a\u0430\u043a \u0431\u0443\u0434\u0442\u043e \u0434\u0432\u0435 \u043f\u0442\u0438\u0447\u043a\u0438 \u0432\u043b\u0435\u0442\u0435\u043b\u0438 \u0438 \u0441\u0432\u043e\u0438\u043c\u0438 \u0433\u043e\u043b\u043e\u0441\u0430\u043c\u0438 \u0440\u0430\u0437\u0432\u0435\u044f\u043b\u0438 \u0441\u0442\u0435\u043d\u044b \u043d\u0430\u0448\u0438\u0445 \u043a\u043b\u0435\u0442\u043e\u043a, \u0438 \u043d\u0430 \u043a\u043e\u0440\u043e\u0442\u043a\u0438\u0439 \u043c\u0438\u0433 \u043a\u0430\u0436\u0434\u044b\u0439 \u0447\u0435\u043b\u043e\u0432\u0435\u043a \u0432 \u0428\u043e\u0443\u0448\u0435\u043d\u043a\u0435 \u043f\u043e\u0447\u0443\u0432\u0441\u0442\u0432\u043e\u0432\u0430\u043b \u0441\u0435\u0431\u044f \u0441\u0432\u043e\u0431\u043e\u0434\u043d\u044b\u043c.", "score": 10, "pub_date": "2020-11-07T18:03:44.315Z"}}, {"model": "title_api_app.review", "pk": 2, "fields": {"author": 2, "title": 1, "text": "\u041d\u0435 \u043f\u0440\u0438\u0432\u044b\u043a\u0430\u0439\r\n\u00ab\u042d\u0442\u0438 \u0441\u0442\u0435\u043d\u044b \u0438\u043c\u0435\u044e\u0442 \u043e\u0434\u043d\u043e \u0441\u0432\u043e\u0439\u0441\u0442\u0432\u043e: \u0441\u043d\u0430\u0447\u0430\u043b\u0430 \u0442\u044b \u0438\u0445 \u043d\u0435\u043d\u0430\u0432\u0438\u0434\u0438\u0448\u044c, \u043f\u043e\u0442\u043e\u043c \u043f\u0440\u0438\u0432\u044b\u043a\u0430\u0435\u0448\u044c, \u0430 \u043f\u043e\u0442\u043e\u043c \u043d\u0435 \u043c\u043e\u0436\u0435\u0448\u044c \u0431\u0435\u0437 \u043d\u0438\u0445 \u0436\u0438\u0442\u044c\u00bb", "score": 10, "pub_date": "2020-11-07T18:04:56.997Z"}}, {"model": "title_api_app.review", "pk": 3, "fields": {"author": 3, "title": 2, "text": "\u0424\u0438\u043b\u044c\u043c, \u0440\u0430\u0437\u043e\u0431\u0440\u0430\u043d\u043d\u044b\u0439 \u043d\u0430 \u0446\u0438\u0442\u0430\u0442\u044b, \u0434\u043e\u0441\u0442\u043e\u0438\u043d \u0432\u044b\u0441\u0448\u0435\u0439 \u043e\u0446\u0435\u043d\u043a\u0438. \u0414\u0435\u0441\u044f\u0442\u044c \u0441 \u043f\u043b\u044e\u0441\u043e\u043c (\u0436\u0430\u043b\u044c, \u0442\u0443\u0442 \u043f\u043b\u044e\u0441\u0430 \u043d\u0435\u0442)\r\n\"\u0422\u044b \u043f\u0440\u0438\u0448\u0435\u043b \u0438 \u0433\u043e\u0432\u043e\u0440\u0438\u0448\u044c: \"\u0414\u043e\u043d \u041a\u043e\u0440\u043b\u0435\u043e\u043d\u0435, \u043c\u043d\u0435 \u043d\u0443\u0436\u043d\u0430 \u0441\u043f\u0440\u0430\u0432\u0435\u0434\u043b\u0438\u0432\u043e\u0441\u0442\u044c\". \u041d\u043e \u0442\u044b \u043f\u0440\u043e\u0441\u0438\u0448\u044c \u0431\u0435\u0437 \u0443\u0432\u0430\u0436\u0435\u043d\u0438\u044f, \u0442\u044b \u043d\u0435 \u043f\u0440\u0435\u0434\u043b\u0430\u0433\u0430\u0435\u0448\u044c \u0434\u0440\u0443\u0436\u0431\u0443, \u0442\u044b \u0434\u0430\u0436\u0435 \u043d\u0435 \u043d\u0430\u0437\u0432\u0430\u043b \u043c\u0435\u043d\u044f \u041a\u0440\u0435\u0441\u0442\u043d\u044b\u043c \u041e\u0442\u0446\u043e\u043c.\"1", "score": 10, "pub_date": "2020-11-07T18:05:24.101Z"}}, {"model": "title_api_app.review", "pk": 4, "fields": {"author": 4, "title": 2, "text": "\u0416\u0435\u0441\u0442\u043e\u043a\u0438\u0439, \u0436\u0435\u0441\u0442\u043e\u043a\u0438\u0439, \u0436\u0435\u0441\u0442\u043e\u043a\u0438\u0439 \u043c\u0438\u0440, \u043d\u0435 \u043e \u0442\u0430\u043a\u043e\u043c \u043c\u0435\u0447\u0442\u0430\u043b\u0438 \u043c\u044b \u0432 \u0434\u0435\u0442\u0441\u0442\u0432\u0435!!111\r\n***\u041e\u0442\u0435\u0446 \u0441\u0434\u0435\u043b\u0430\u043b \u0435\u043c\u0443 \u043f\u0440\u0435\u0434\u043b\u043e\u0436\u0435\u043d\u0438\u0435, \u043e\u0442 \u043a\u043e\u0442\u043e\u0440\u043e\u0433\u043e \u043e\u043d \u043d\u0435 \u0441\u043c\u043e\u0433 \u043e\u0442\u043a\u0430\u0437\u0430\u0442\u044c\u0441\u044f. \u041b\u0443\u043a\u0430 \u0411\u0440\u0430\u0437\u0438 \u0434\u0435\u0440\u0436\u0430\u043b \u043f\u0438\u0441\u0442\u043e\u043b\u0435\u0442 \u0443 \u0435\u0433\u043e \u0432\u0438\u0441\u043a\u0430, \u0438 \u043e\u0442\u0435\u0446 \u043f\u0440\u0435\u0434\u043b\u043e\u0436\u0438\u043b \u0432\u044b\u0431\u043e\u0440: \u043b\u0438\u0431\u043e \u043d\u0430 \u043a\u043e\u043d\u0442\u0440\u0430\u043a\u0442\u0435 \u043c\u043e\u0437\u0433\u0438, \u043b\u0438\u0431\u043e \u043f\u043e\u0434\u043f\u0438\u0441\u044c.***", "score": 1, "pub_date": "2020-11-07T18:06:27.344Z"}}, {"model": "title_api_app.review", "pk": 5, "fields": {"author": 6, "title": 2, "text": "\u042d\u0442\u043e \u043c\u043e\u0438 \u0441\u043e\u0441\u0435\u0434\u0438! \u0421\u0442\u0430\u0432\u043b\u044e \u0442\u0440\u0438 \u0437\u0432\u0435\u0437\u0434\u044b \u0437\u0430 \u0442\u043e, \u0447\u0442\u043e \u043e\u043d\u0438 \u0434\u0432\u0430\u0436\u0434\u044b \u043e\u0442\u0434\u0430\u0432\u0438\u043b\u0438 \u043c\u043d\u0435 \u043e\u043a\u043d\u043e\u043c \u043f\u0430\u043b\u044c\u0446\u044b:\r\n----------------------\r\n\u2014 \u0412\u044b \u0436\u0438\u0432\u0451\u0442\u0435 \u0432 \u043f\u043b\u043e\u0445\u043e\u043c \u0440\u0430\u0439\u043e\u043d\u0435?\r\n\u2014 \u041d\u0435 \u0442\u043e \u0441\u043b\u043e\u0432\u043e. \u041e\u0434\u043d\u0430\u0436\u0434\u044b \u0441 \u043d\u0430\u0448\u0435\u0439 \u0443\u043b\u0438\u0446\u044b \u0443\u0433\u043d\u0430\u043b\u0438 \u043f\u043e\u043b\u0438\u0446\u0435\u0439\u0441\u043a\u0443\u044e \u043c\u0430\u0448\u0438\u043d\u0443 \u0441 \u0434\u0432\u0443\u043c\u044f \u043f\u043e\u043b\u0438\u0446\u0435\u0439\u0441\u043a\u0438\u043c\u0438. \u0412 \u0434\u043e\u043c \u0432\u0441\u0451 \u0432\u0440\u0435\u043c\u044f \u043b\u0435\u0437\u0443\u0442 \u0432\u043e\u0440\u044b. \u041a\u0430\u0436\u0434\u044b\u0439 \u0440\u0430\u0437, \u043a\u0430\u043a \u044f \u043f\u044b\u0442\u0430\u044e\u0441\u044c \u0437\u0430\u043a\u0440\u044b\u0442\u044c \u043e\u043a\u043d\u043e, \u043f\u0440\u0438\u0449\u0435\u043c\u043b\u044f\u044e \u043a\u043e\u043c\u0443-\u043d\u0438\u0431\u0443\u0434\u044c \u043f\u0430\u043b\u044c\u0446\u044b.", "score": 3, "pub_date": "2020-11-07T18:07:11.566Z"}}, {"model": "title_api_app.review", "pk": 6, "fields": {"author": 7, "title": 5, "text": "\u0412\u0441\u0451, \u043a\u0430\u043a \u0432 \u0440\u0430\u0437\u043d\u044b\u0445 \u044f\u0437\u044b\u043a\u0430\u0445 \u043f\u0440\u043e\u0433\u0440\u0430\u043c\u043c\u0438\u0440\u043e\u0432\u0430\u043d\u0438\u044f! \u0412 \u043e\u0441\u043d\u043e\u0432\u043d\u043e\u043c \u2014 \u043f\u043e\u0445\u043e\u0436\u0435, \u043d\u043e \u0432\u043e\u0442 \u044d\u0442\u0438 \u043c\u0430\u043b\u0435\u043d\u044c\u043a\u0438\u0435 \u0440\u0430\u0437\u043b\u0438\u0447\u0438\u044f \u0432\u044b\u0432\u043e\u0434\u044f\u0442 \u0438\u0437 \u0441\u0435\u0431\u044f. \r\n\u0412\u0435\u043b\u0438\u043a\u0438\u0439 \u0444\u0438\u043b\u044c\u043c \u043d\u0430 \u0432\u0441\u0435 \u0441\u043b\u0443\u0447\u0430\u0438 \u0436\u0438\u0437\u043d\u0438!\r\n=====================================================\r\n\u2014 \u0410 \u0437\u043d\u0430\u0435\u0448\u044c, \u043a\u0430\u043a \u0432 \u041f\u0430\u0440\u0438\u0436\u0435 \u043d\u0430\u0437\u044b\u0432\u0430\u044e\u0442 \u0447\u0435\u0442\u0432\u0435\u0440\u0442\u044c\u0444\u0443\u043d\u0442\u043e\u0432\u044b\u0439 \u0447\u0438\u0437\u0431\u0443\u0440\u0433\u0435\u0440?\r\n\u2014 \u0427\u0442\u043e, \u043e\u043d\u0438 \u043d\u0435 \u0437\u043e\u0432\u0443\u0442 \u0435\u0433\u043e \u0447\u0435\u0442\u0432\u0435\u0440\u0442\u044c\u0444\u0443\u043d\u0442\u043e\u0432\u044b\u0439 \u0447\u0438\u0437\u0431\u0443\u0440\u0433\u0435\u0440?\r\n\u2014 \u0423 \u043d\u0438\u0445 \u0442\u0430\u043c \u043c\u0435\u0442\u0440\u0438\u0447\u0435\u0441\u043a\u0430\u044f \u0441\u0438\u0441\u0442\u0435\u043c\u0430. \u041e\u043d\u0438 \u0432\u043e\u043e\u0431\u0449\u0435 \u0442\u0430\u043c \u043d\u0435 \u043f\u043e\u043d\u0438\u043c\u0430\u044e\u0442, \u0447\u0442\u043e \u0437\u0430 \u0445\u0440\u0435\u043d \u0447\u0435\u0442\u0432\u0435\u0440\u0442\u044c \u0444\u0443\u043d\u0442\u0430.\r\n\u2014 \u0418 \u043a\u0430\u043a \u043e\u043d\u0438 \u0435\u0433\u043e \u0437\u043e\u0432\u0443\u0442?\r\n\u2014 \u041e\u043d\u0438 \u0437\u043e\u0432\u0443\u0442 \u0435\u0433\u043e \u00ab\u0420\u043e\u044f\u043b \u0447\u0438\u0437\u0431\u0443\u0440\u0433\u0435\u0440\u00bb.\r\n\u2014 \u00ab\u0420\u043e\u044f\u043b \u0447\u0438\u0437\u0431\u0443\u0440\u0433\u0435\u0440\u00bb? \u0410 \u043a\u0430\u043a \u0436\u0435 \u0442\u043e\u0433\u0434\u0430 \u043e\u043d\u0438 \u0437\u043e\u0432\u0443\u0442 \u00ab\u0411\u0438\u0433 \u041c\u0430\u043a\u00bb?\r\n\u2014 \u00ab\u0411\u0438\u0433 \u041c\u0430\u043a\u00bb \u044d\u0442\u043e \u00ab\u0411\u0438\u0433 \u041c\u0430\u043a\u00bb, \u0442\u043e\u043b\u044c\u043a\u043e \u043e\u043d\u0438 \u043d\u0430\u0437\u044b\u0432\u0430\u044e\u0442 \u0435\u0433\u043e \u00ab\u041b\u0451 \u0411\u0438\u0433 \u041c\u0430\u043a\u00bb.", "score": 8, "pub_date": "2020-11-07T18:07:45.872Z"}}, {"model": "title_api_app.review", "pk": 7, "fields": {"author": 9, "title": 5, "text": "\u041d\u0438\u0447\u0435\u0433\u043e \u043d\u0435 \u043f\u043e\u043d\u044f\u0442\u043d\u043e. \u041e\u043d\u0438 \u0442\u0430\u043c \u0447\u0442\u043e, \u0441\u0442\u0440\u0430\u043d\u0438\u0446\u044b \u0441\u0446\u0435\u043d\u0430\u0440\u0438\u044f \u043f\u0435\u0440\u0435\u043f\u0443\u0442\u0430\u043b\u0438? \u0415\u0433\u043e \u0441\u043f\u0435\u0440\u0432\u0430 \u0443\u0431\u0438\u043b\u0438, \u0430 \u043f\u043e\u0442\u043e\u043c \u043e\u043d \u043e\u043f\u044f\u0442\u044c \u0436\u0438\u0432, \u0430 \u043e\u043d\u0438 \u0441\u043f\u0435\u0440\u0432\u0430 \u0432 \u0444\u0443\u0442\u0431\u043e\u043b\u043a\u0430\u0445, \u043f\u043e\u0442\u043e\u043c \u0432 \u043a\u043e\u0441\u0442\u044e\u043c\u0430\u0445, \u0430 \u043f\u043e\u0442\u043e\u043c \u043e\u043f\u044f\u0442\u044c \u0432 \u0444\u0443\u0442\u0431\u043e\u043b\u043a\u0430\u0445. \u0415\u0440\u0443\u043d\u0434\u0430 \u043f\u043e\u043b\u043d\u0430\u044f", "score": 1, "pub_date": "2020-11-07T18:08:11.452Z"}}, {"model": "title_api_app.review", "pk": 8, "fields": {"author": 12, "title": 5, "text": "\u041e\u0447\u0435\u043d\u044c \u043f\u043e\u0443\u0447\u0438\u0442\u0435\u043b\u044c\u043d\u044b\u0439 \u0444\u0438\u043b\u044c\u043c \u043e \u0442\u043e\u043c, \u0447\u0442\u043e \u0442\u0430\u043a\u043e\u0435 \u0445\u043e\u0440\u043e\u0448\u043e, \u0447\u0442\u043e \u0442\u0430\u043a\u043e\u0435 \u043f\u043b\u043e\u0445\u043e \u0438 \u043f\u043e\u0447\u0435\u043c\u0443 \u043d\u0435 \u043d\u0430\u0434\u043e \u0447\u0438\u0442\u0430\u0442\u044c \u0432 \u0442\u0443\u0430\u043b\u0435\u0442\u0435.\r\n\u0422\u0432\u0435\u0440\u0434\u0430\u044f \u0432\u043e\u0441\u044c\u043c\u0451\u0440\u043a\u0430", "score": 8, "pub_date": "2020-11-07T18:08:36.005Z"}}, {"model": "title_api_app.review", "pk": 21, "fields": {"author": 12, "title": 2, "text": "\u043e\u0442\u0437\u044b\u0432 \u041e\u043b\u0435\u0433\u0430", "score": 5, "pub_date": "2020-11-07T22:06:46.708Z"}}, {"model": "title_api_app.review", "pk": 29, "fields": {"author": 3, "title": 1, "text": "", "score": null, "pub_date": "2020-11-10T20:51:52.320Z"}}, {"model": "title_api_app.comment", "pk": 1, "fields": {"author": 3, "review": 1, "text": "\u041a\u0441\u0442\u0430\u0442\u0438, \u0430 \u0447\u0442\u043e \u0442\u0430\u043a\u043e\u0435 \"\u0447\u0435\u0442\u0432\u0435\u0440\u0442\u044c \u0444\u0443\u043d\u0442\u0430\"? \u0412 \u0433\u0440\u0430\u043c\u043c\u0430\u0445 \u044d\u0442\u043e \u0441\u043a\u043e\u043b\u044c\u043a\u043e?", "pub_date": "2020-11-07T18:17:10.053Z"}}, {"model": "title_api_app.comment", "pk": 2, "fields": {"author": 3, "review": 4, "text": "\u0412\u043e\u0442 \u044d\u0442\u043e \u0434\u0430, \u043d\u0438\u043a\u043e\u0433\u0434\u0430 \u043d\u0435 \u0441\u043b\u044b\u0448\u0430\u043b \u043e\u0431 \u044d\u0442\u043e\u043c! \u0421\u043f\u0430\u0441\u0438\u0431\u043e \u0437\u0430 \u0438\u043d\u0444\u043e\u0440\u043c\u0430\u0446\u0438\u044e", "pub_date": "2020-11-07T18:17:26.877Z"}}, {"model": "title_api_app.comment", "pk": 3, "fields": {"author": 12, "review": 1, "text": "\u041f\u043e\u0447\u0435\u043c\u0443 \u043e\u0431\u044f\u0437\u0430\u0442\u0435\u043b\u044c\u043d\u043e  \u043d\u0443\u0436\u043d\u043e \u043b\u044e\u0431\u043e\u0439 \u0440\u0430\u0437\u0433\u043e\u0432\u043e\u0440 \u0441\u0432\u043e\u0434\u0438\u0442\u044c \u043a \u043d\u0430\u0432\u043e\u0437\u0443? \u0425\u043e\u0440\u043e\u0448\u0430\u044f \u0434\u0435\u0442\u0441\u043a\u0430\u044f \u0441\u043a\u0430\u0437\u043a\u0430, \u0432\u0430 \u0432\u044b \u0442\u0443\u0442 \u043f\u0438\u0448\u0435\u0442\u0435 \u043f\u0440\u043e \u043a\u0430\u043a\u0438\u0435-\u0442\u043e \u0441\u0443\u0431\u0441\u0442\u0430\u043d\u0446\u0438\u0438 \u043d\u0435\u043f\u0440\u0438\u044f\u0442\u043d\u044b\u0435. \u0424\u0443 \u0442\u0430\u043a\u0438\u043c \u0431\u044b\u0442\u044c.", "pub_date": "2020-11-07T18:17:46.581Z"}}, {"model": "title_api_app.comment", "pk": 4, "fields": {"author": 12, "review": 1, "text": "\u043a\u043e\u043c\u043c\u0435\u043d\u0442 \u041e\u043b\u0435\u0433\u0430", "pub_date": "2020-11-07T22:42:04.801Z"}}, {"model": "admin.logentry", "pk": 1, "fields": {"action_time": "2020-11-05T07:25:00.059Z", "user": 3, "content_type": null, "object_id": "5", "object_repr": "g10@g.ru", "action_flag": 3, "change_message": ""}}, {"model": "admin.logentry", "pk": 2, "fields": {"action_time": "2020-11-05T20:26:38.111Z", "user": 3, "content_type": null, "object_id": "3", "object_repr": "g2@g.ru", "action_flag": 2, "change_message": "[{\"changed\": {\"fields\": [\"Username\"]}}]"}}, {"model": "admin.logentry", "pk": 3, "fields": {"action_time": "2020-11-06T20:59:12.233Z", "user": 3, "content_type": null, "object_id": "3", "object_repr": "stas@g.ru", "action_flag": 2, "change_message": "[{\"changed\": {\"fields\": [\"Role\"]}}]"}}, {"model": "admin.logentry", "pk": 4, "fields": {"action_time": "2020-11-07T11:55:05.246Z", "user": 3, "content_type": null, "object_id": "2", "object_repr": "vitya@g.ru", "action_flag": 2, "change_message": "[{\"changed\": {\"fields\": [\"Password\"]}}]"}}, {"model": "admin.logentry", "pk": 5, "fields": {"action_time": "2020-11-07T14:22:59.999Z", "user": 3, "content_type": null, "object_id": "2", "object_repr": "vitya@g.ru", "action_flag": 2, "change_message": "[]"}}, {"model": "admin.logentry", "pk": 6, "fields": {"action_time": "2020-11-07T14:23:54.712Z", "user": 3, "content_type": null, "object_id": "2", "object_repr": "vitya@g.ru", "action_flag": 2, "change_message": "[{\"changed\": {\"fields\": [\"Staff status\"]}}]"}}, {"model": "admin.logentry", "pk": 7, "fields": {"action_time": "2020-11-07T14:25:18.014Z", "user": 3, "content_type": null, "object_id": "11", "object_repr": "r@r.ru", "action_flag": 1, "change_message": "[{\"added\": {}}]"}}, {"model": "admin.logentry", "pk": 8, "fields": {"action_time": "2020-11-07T14:25:37.398Z", "user": 3, "content_type": null, "object_id": "11", "object_repr": "r@r.ru", "action_flag": 2, "change_message": "[{\"changed\": {\"fields\": [\"Staff status\"]}}]"}}, {"model": "admin.logentry", "pk": 9, "fields": {"action_time": "2020-11-07T14:30:43.264Z", "user": 3, "content_type": null, "object_id": "11", "object_repr": "r@r.ru", "action_flag": 3, "change_message": ""}}, {"model": "admin.logentry", "pk": 10, "fields": {"action_time": "2020-11-07T14:32:05.571Z", "user": 3, "content_type": null, "object_id": "8", "object_repr": "oleg@g.ru", "action_flag": 3, "change_message": ""}}, {"model": "admin.logentry", "pk": 11, "fields": {"action_time": "2020-11-07T14:44:11.706Z", "user": 3, "content_type": null, "object_id": "12", "object_repr": "oleg@g.ru", "action_flag": 2, "change_message": "[{\"changed\": {\"fields\": [\"Staff status\"]}}]"}}, {"model": "admin.logentry", "pk": 12, "fields": {"action_time": "2020-11-07T18:03:44.316Z", "user": 3, "content_type": null, "object_id": "1", "object_repr": "Review object (1)", "action_flag": 1, "change_message": "[{\"added\": {}}]"}}, {"model": "admin.logentry", "pk": 13, "fields": {"action_time": "2020-11-07T18:03:55.778Z", "user": 3, "content_type": null, "object_id": "1", "object_repr": "Review object (1)", "action_flag": 2, "change_message": "[{\"changed\": {\"fields\": [\"Score\"]}}]"}}, {"model": "admin.logentry", "pk": 14, "fields": {"action_time": "2020-11-07T18:04:27.904Z", "user": 3, "content_type": null, "object_id": "1", "object_repr": "Review object (1)", "action_flag": 2, "change_message": "[]"}}, {"model": "admin.logentry", "pk": 15, "fields": {"action_time": "2020-11-07T18:04:56.998Z", "user": 3, "content_type": null, "object_id": "2", "object_repr": "Review object (2)", "action_flag": 1, "change_message": "[{\"added\": {}}]"}}, {"model": "admin.logentry", "pk": 16, "fields": {"action_time": "2020-11-07T18:05:24.102Z", "user": 3, "content_type": null, "object_id": "3", "object_repr": "Review object (3)", "action_flag": 1, "change_message": "[{\"added\": {}}]"}}, {"model": "admin.logentry", "pk": 17, "fields": {"action_time": "2020-11-07T18:06:27.346Z", "user": 3, "content_type": null, "object_id": "4", "object_repr": "Review object (4)", "action_flag": 1, "change_message": "[{\"added\": {}}]"}}, {"model": "admin.logentry", "pk": 18, "fields": {"action_time": "2020-11-07T18:07:11.567Z", "user": 3, "content_type": null, "object_id": "5", "object_repr": "Review object (5)", "action_flag": 1, "change_message": "[{\"added\": {}}]"}}, {"model": "admin.logentry", "pk": 19, "fields": {"action_time": "2020-11-07T18:07:45.873Z", "user": 3, "content_type": null, "object_id": "6", "object_repr": "Review object (6)", "action_flag": 1, "change_message": "[{\"added\": {}}]"}}, {"model": "admin.logentry", "pk": 20, "fields": {"action_time": "2020-11-07T18:08:11.453Z", "user": 3, "content_type": null, "object_id": "7", "object_repr": "Review object (7)", "action_flag": 1, "change_message": "[{\"added\": {}}]"}}, {"model": "admin.logentry", "pk": 21, "fields": {"action_time": "2020-11-07T18:08:36.006Z", "user": 3, "content_type": null, "object_id": "8", "object_repr": "Review object (8)", "action_flag": 1, "change_message": "[{\"added\": {}}]"}}, {"model": "admin.logentry", "pk": 22, "fields": {"action_time": "2020-11-07T18:17:10.054Z", "user": 3, "content_type": null, "object_id": "1", "object_repr": "Comments object (1)", "action_flag": 1, "change_message": "[{\"added\": {}}]"}}, {"model": "admin.logentry", "pk": 23, "fields": {"action_time": "2020-11-07T18:17:26.878Z", "user": 3, "content_type": null, "object_id": "2", "object_repr": "Comments object (2)", "action_flag": 1, "change_message": "[{\"added\": {}}]"}}, {"model": "admin.logentry", "pk": 24, "fields": {"action_time": "2020-11-07T18:17:46.582Z", "user": 3, "content_type": null, "object_id": "3", "object_repr": "Comments object (3)", "action_flag": 1, "change_message": "[{\"added\": {}}]"}}, {"model": "admin.logentry", "pk": 25, "fields": {"action_time": "2020-11-07T20:14:10.508Z", "user": 3, "content_type": null, "object_id": "10", "object_repr": "\u043e\u0442\u043b\u0438\u0447\u043d\u044b\u0439 \u0444\u0438\u043b\u044c\u043c. \u043e\u0434\u0438\u043d \u0438\u0437 \u043b\u0443\u0447\u0448\u0438\u0445, \u043a\u043e\u0442\u043e\u0440\u044b\u0435 \u044f \u0432\u043e\u043e\u0431\u0449\u0435 \u043a\u043e\u0433\u0434\u0430-\u043b\u0438\u0431\u043e \u0432\u0438\u0434\u0435\u043b!", "action_flag": 3, "change_message": ""}}, {"model": "admin.logentry", "pk": 26, "fields": {"action_time": "2020-11-07T20:14:10.523Z", "user": 3, "content_type": null, "object_id": "11", "object_repr": "\u043d\u0435\u0442, \u044f \u0445\u043e\u0447\u0443 \u043e\u0441\u0442\u0430\u0432\u0438\u0442\u044c \u0435\u0449\u0451 \u043e\u0434\u0438\u043d \u043a\u043e\u043c\u043c\u0435\u043d\u0442\u0430\u0440\u0438\u0439!", "action_flag": 3, "change_message": ""}}, {"model": "admin.logentry", "pk": 27, "fields": {"action_time": "2020-11-07T20:14:10.534Z", "user": 3, "content_type": null, "object_id": "12", "object_repr": "12", "action_flag": 3, "change_message": ""}}, {"model": "admin.logentry", "pk": 28, "fields": {"action_time": "2020-11-07T20:14:10.545Z", "user": 3, "content_type": null, "object_id": "13", "object_repr": "12", "action_flag": 3, "change_message": ""}}, {"model": "admin.logentry", "pk": 29, "fields": {"action_time": "2020-11-07T20:14:10.557Z", "user": 3, "content_type": null, "object_id": "14", "object_repr": "12", "action_flag": 3, "change_message": ""}}, {"model": "admin.logentry", "pk": 30, "fields": {"action_time": "2020-11-07T20:14:10.568Z", "user": 3, "content_type": null, "object_id": "15", "object_repr": "12", "action_flag": 3, "change_message": ""}}, {"model": "admin.logentry", "pk": 31, "fields": {"action_time": "2020-11-07T20:14:10.578Z", "user": 3, "content_type": null, "object_id": "16", "object_repr": "12", "action_flag": 3, "change_message": ""}}, {"model": "admin.logentry", "pk": 32, "fields": {"action_time": "2020-11-07T20:14:10.590Z", "user": 3, "content_type": null, "object_id": "17", "object_repr": "12", "action_flag": 3, "change_message": ""}}, {"model": "admin.logentry", "pk": 33, "fields": {"action_time": "2020-11-07T20:14:10.601Z", "user": 3, "content_type": null, "object_id": "18", "object_repr": "12", "action_flag": 3, "change_message": ""}}, {"model": "admin.logentry", "pk": 34, "fields": {"action_time": "2020-11-07T20:14:10.612Z", "user": 3, "content_type": null, "object_id": "19", "object_repr": "12", "action_flag": 3, "change_message": ""}}, {"model": "admin.logentry", "pk": 35, "fields": {"action_time": "2020-11-07T21:22:51.926Z", "user": 3, "content_type": null, "object_id": "9", "object_repr": "\u043e\u0442\u043b\u0438\u0447\u043d\u044b\u0439 \u0444\u0438\u043b\u044c\u043c!", "action_flag": 3, "change_message": ""}}, {"model": "admin.logentry", "pk": 36, "fields": {"action_time": "2020-11-07T21:22:51.938Z", "user": 3, "content_type": null, "object_id": "20", "object_repr": "1", "action_flag": 3, "change_message": ""}}, {"model": "admin.logentry", "pk": 37, "fields": {"action_time": "2020-11-07T21:51:24.385Z", "user": 3, "content_type": null, "object_id": "12", "object_repr": "oleg@g.ru", "action_flag": 2, "change_message": "[{\"changed\": {\"fields\": [\"Role\"]}}]"}}, {"model": "admin.logentry", "pk": 38, "fields": {"action_time": "2020-11-08T02:05:51.020Z", "user": 3, "content_type": null, "object_id": "4", "object_repr": "\u041d\u0435\u0434\u0432\u0438\u0436\u0438\u043c\u043e\u0441\u0442\u044c", "action_flag": 3, "change_message": ""}}, {"model": "admin.logentry", "pk": 39, "fields": {"action_time": "2020-11-08T13:24:48.576Z", "user": 3, "content_type": null, "object_id": "34", "object_repr": "\u041d\u0435\u0434\u0432\u0438\u0436\u0438\u043c\u043e\u0441\u0442\u044c (\u0424\u0438\u043b\u044c\u043c)", "action_flag": 3, "change_message": ""}}, {"model": "admin.logentry", "pk": 40, "fields": {"action_time": "2020-11-08T13:24:48.588Z", "user": 3, "content_type": null, "object_id": "35", "object_repr": "\u043d\u043e\u0432\u044b\u0439_\u0444\u0438\u043b\u044c\u043c (None)", "action_flag": 3, "change_message": ""}}, {"model": "admin.logentry", "pk": 41, "fields": {"action_time": "2020-11-08T13:24:48.600Z", "user": 3, "content_type": null, "object_id": "37", "object_repr": "PostgreSQL 12 (None)", "action_flag": 3, "change_message": ""}}, {"model": "admin.logentry", "pk": 42, "fields": {"action_time": "2020-11-08T13:24:48.612Z", "user": 3, "content_type": null, "object_id": "39", "object_repr": "\u041d\u0435\u0434\u0432\u0438\u0436\u0438\u043c\u043e\u0441\u0442\u044c (None)", "action_flag": 3, "change_message": ""}}, {"model": "admin.logentry", "pk": 43, "fields": {"action_time": "2020-11-08T13:24:48.624Z", "user": 3, "content_type": null, "object_id": "40", "object_repr": "\u041d\u0435\u0434\u0432\u0438\u0436\u0438\u043c\u043e\u0441\u0442\u044c (None)", "action_flag": 3, "change_message": ""}}, {"model": "admin.logentry", "pk": 44, "fields": {"action_time": "2020-11-08T13:24:48.635Z", "user": 3, "content_type": null, "object_id": "41", "object_repr": "\u041d\u0435\u0434\u0432\u0438\u0436\u0438\u043c\u043e\u0441\u0442\u044c (None)", "action_flag": 3, "change_message": ""}}, {"model": "admin.logentry", "pk": 45, "fields": {"action_time": "2020-11-08T13:24:48.647Z", "user": 3, "content_type": null, "object_id": "42", "object_repr": "\u041d\u0435\u0434\u0432\u0438\u0436\u0438\u043c\u043e\u0441\u0442\u044c1 (None)", "action_flag": 3, "change_message": ""}}, {"model": "admin.logentry", "pk": 46, "fields": {"action_time": "2020-11-08T13:24:48.659Z", "user": 3, "content_type": null, "object_id": "43", "object_repr": "\u041d\u0435\u0434\u0432\u0438\u0436\u0438\u043c\u043e\u0441\u0442\u044c (None)", "action_flag": 3, "change_message": ""}}, {"model": "admin.logentry", "pk": 47, "fields": {"action_time": "2020-11-08T13:24:48.671Z", "user": 3, "content_type": null, "object_id": "44", "object_repr": "\u0421\u0442\u0440\u0430\u0441\u0442\u0438 \u043f\u043e DRF (\u0424\u0438\u043b\u044c\u043c)", "action_flag": 3, "change_message": ""}}, {"model": "admin.logentry", "pk": 48, "fields": {"action_time": "2020-11-08T13:24:48.683Z", "user": 3, "content_type": null, "object_id": "46", "object_repr": "\u0414\u0436\u0435\u043d\u0442\u0435\u043b\u044c\u043c\u0435\u043d\u044b \u0443\u0434\u0430\u0447\u0438 (\u0424\u0438\u043b\u044c\u043c)", "action_flag": 3, "change_message": ""}}, {"model": "admin.logentry", "pk": 49, "fields": {"action_time": "2020-11-08T13:24:48.696Z", "user": 3, "content_type": null, "object_id": "47", "object_repr": "\u041d\u0435\u0434\u0432\u0438\u0436\u0438\u043c\u043e\u0441\u0442\u044c (\u0424\u0438\u043b\u044c\u043c)", "action_flag": 3, "change_message": ""}}, {"model": "admin.logentry", "pk": 50, "fields": {"action_time": "2020-11-08T13:24:48.707Z", "user": 3, "content_type": null, "object_id": "48", "object_repr": "\u041d\u0435\u0434\u0432\u0438\u0436\u0438\u043c\u043e\u0441\u0442\u044c1 (\u0424\u0438\u043b\u044c\u043c)", "action_flag": 3, "change_message": ""}}, {"model": "admin.logentry", "pk": 51, "fields": {"action_time": "2020-11-08T13:24:48.719Z", "user": 3, "content_type": null, "object_id": "49", "object_repr": "\u041d\u0435\u0434\u0432\u0438\u0436\u0438\u043c\u043e\u0441\u0442\u044c2 (\u0424\u0438\u043b\u044c\u043c)", "action_flag": 3, "change_message": ""}}, {"model": "admin.logentry", "pk": 52, "fields": {"action_time": "2020-11-08T13:24:48.731Z", "user": 3, "content_type": null, "object_id": "50", "object_repr": "PostgreSQL 12 (\u0424\u0438\u043b\u044c\u043c)", "action_flag": 3, "change_message": ""}}, {"model": "admin.logentry", "pk": 53, "fields": {"action_time": "2020-11-08T13:24:48.743Z", "user": 3, "content_type": null, "object_id": "51", "object_repr": " (\u0424\u0438\u043b\u044c\u043c)", "action_flag": 3, "change_message": ""}}, {"model": "admin.logentry", "pk": 54, "fields": {"action_time": "2020-11-08T13:24:48.756Z", "user": 3, "content_type": null, "object_id": "52", "object_repr": " (\u0424\u0438\u043b\u044c\u043c)", "action_flag": 3, "change_message": ""}}, {"model": "admin.logentry", "pk": 55, "fields": {"action_time": "2020-11-08T13:24:48.768Z", "user": 3, "content_type": null, "object_id": "53", "object_repr": "\u0414\u0436\u0435\u043d\u0442\u0435\u043b\u044c\u043c\u0435\u043d\u044b \u0443\u0434\u0430\u0447\u04388 (\u0424\u0438\u043b\u044c\u043c)", "action_flag": 3, "change_message": ""}}, {"model": "admin.logentry", "pk": 56, "fields": {"action_time": "2020-11-08T13:24:48.783Z", "user": 3, "content_type": null, "object_id": "54", "object_repr": "456 (\u0424\u0438\u043b\u044c\u043c)", "action_flag": 3, "change_message": ""}}, {"model": "admin.logentry", "pk": 57, "fields": {"action_time": "2020-11-08T13:24:48.795Z", "user": 3, "content_type": null, "object_id": "55", "object_repr": "456 (\u0424\u0438\u043b\u044c\u043c)", "action_flag": 3, "change_message": ""}}, {"model": "admin.logentry", "pk": 58, "fields": {"action_time": "2020-11-08T13:24:48.807Z", "user": 3, "content_type": null, "object_id": "56", "object_repr": "12345 (\u0424\u0438\u043b\u044c\u043c)", "action_flag": 3, "change_message": ""}}, {"model": "admin.logentry", "pk": 59, "fields": {"action_time": "2020-11-08T13:24:48.819Z", "user": 3, "content_type": null, "object_id": "59", "object_repr": "12345 (\u0424\u0438\u043b\u044c\u043c)", "action_flag": 3, "change_message": ""}}, {"model": "admin.logentry", "pk": 60, "fields": {"action_time": "2020-11-08T13:24:48.832Z", "user": 3, "content_type": null, "object_id": "60", "object_repr": "123456 (\u0424\u0438\u043b\u044c\u043c)", "action_flag": 3, "change_message": ""}}, {"model": "admin.logentry", "pk": 61, "fields": {"action_time": "2020-11-08T13:24:48.846Z", "user": 3, "content_type": null, "object_id": "61", "object_repr": "123456 (\u0424\u0438\u043b\u044c\u043c)", "action_flag": 3, "change_message": ""}}, {"model": "admin.logentry", "pk": 62, "fields": {"action_time": "2020-11-08T13:24:48.858Z", "user": 3, "content_type": null, "object_id": "62", "object_repr": "123456789 (\u0424\u0438\u043b\u044c\u043c)", "action_flag": 3, "change_message": ""}}, {"model": "admin.logentry", "pk": 63, "fields": {"action_time": "2020-11-08T13:24:48.869Z", "user": 3, "content_type": null, "object_id": "63", "object_repr": "12345678910 (\u0424\u0438\u043b\u044c\u043c)", "action_flag": 3, "change_message": ""}}, {"model": "admin.logentry", "pk": 64, "fields": {"action_time": "2020-11-08T13:24:48.882Z", "user": 3, "content_type": null, "object_id": "64", "object_repr": "\u041d\u0435\u0434\u0432\u0438\u0436\u0438\u043c\u043e\u0441\u0442\u044c8 (\u041a\u043d\u0438\u0433\u0430)", "action_flag": 3, "change_message": ""}}, {"model": "admin.logentry", "pk": 65, "fields": {"action_time": "2020-11-08T13:24:48.906Z", "user": 3, "content_type": null, "object_id": "65", "object_repr": "65444 (\u041a\u043d\u0438\u0433\u0430)", "action_flag": 3, "change_message": ""}}, {"model": "admin.logentry", "pk": 66, "fields": {"action_time": "2020-11-08T13:24:48.917Z", "user": 3, "content_type": null, "object_id": "66", "object_repr": "fffff (\u0424\u0438\u043b\u044c\u043c)", "action_flag": 3, "change_message": ""}}, {"model": "admin.logentry", "pk": 67, "fields": {"action_time": "2020-11-08T13:24:48.928Z", "user": 3, "content_type": null, "object_id": "67", "object_repr": "\u041d\u0435\u0434\u0432\u0438\u0436\u0438\u043c\u043e\u0441\u0442\u044c6 (\u0424\u0438\u043b\u044c\u043c)", "action_flag": 3, "change_message": ""}}, {"model": "admin.logentry", "pk": 68, "fields": {"action_time": "2020-11-08T13:24:48.937Z", "user": 3, "content_type": null, "object_id": "68", "object_repr": "\u041d\u0435\u0434\u0432\u0438\u0436\u0438\u043c\u043e\u0441\u0442\u044c6 (\u0424\u0438\u043b\u044c\u043c)", "action_flag": 3, "change_message": ""}}, {"model": "admin.logentry", "pk": 69, "fields": {"action_time": "2020-11-08T13:24:48.945Z", "user": 3, "content_type": null, "object_id": "69", "object_repr": "\u041d\u0435\u0434\u0432\u0438\u0436\u0438\u043c\u043e\u0441\u0442\u044c6 (\u0424\u0438\u043b\u044c\u043c)", "action_flag": 3, "change_message": ""}}, {"model": "admin.logentry", "pk": 70, "fields": {"action_time": "2020-11-08T13:24:48.951Z", "user": 3, "content_type": null, "object_id": "70", "object_repr": "\u0414\u0436\u0435\u043d\u0442\u0435\u043b\u044c\u043c\u0435\u043d\u044b \u0443\u0434\u0430\u0447\u04388 (\u0424\u0438\u043b\u044c\u043c)", "action_flag": 3, "change_message": ""}}, {"model": "admin.logentry", "pk": 71, "fields": {"action_time": "2020-11-08T13:24:48.957Z", "user": 3, "content_type": null, "object_id": "71", "object_repr": "\u0414\u0436\u0435\u043d\u0442\u0435\u043b\u044c\u043c\u0435\u043d\u044b \u0443\u0434\u0430\u0447\u04389 (\u0424\u0438\u043b\u044c\u043c)", "action_flag": 3, "change_message": ""}}, {"model": "admin.logentry", "pk": 72, "fields": {"action_time": "2020-11-08T13:24:48.963Z", "user": 3, "content_type": null, "object_id": "72", "object_repr": "\u0414\u0436\u0435\u043d\u0442\u0435\u043b\u044c\u043c\u0435\u043d\u044b \u0443\u0434\u0430\u0447\u04389 (\u041a\u043d\u0438\u0433\u0430)", "action_flag": 3, "change_message": ""}}, {"model": "admin.logentry", "pk": 73, "fields": {"action_time": "2020-11-08T13:24:48.976Z", "user": 3, "content_type": null, "object_id": "73", "object_repr": "\u0414\u0436\u0435\u043d\u0442\u0435\u043b\u044c\u043c\u0435\u043d\u044b \u0443\u0434\u0430\u0447\u04389 (\u041c\u0443\u0437\u044b\u043a\u0430)", "action_flag": 3, "change_message": ""}}, {"model": "admin.logentry", "pk": 74, "fields": {"action_time": "2020-11-08T17:32:55.010Z", "user": 3, "content_type": null, "object_id": "4", "object_repr": "\u043a\u0443\u043a\u0443", "action_flag": 1, "change_message": "[{\"added\": {}}]"}}, {"model": "admin.logentry", "pk": 75, "fields": {"action_time": "2020-11-08T17:33:36.690Z", "user": 3, "content_type": null, "object_id": "75", "object_repr": "gggg (\u043a\u0443\u043a\u0443)", "action_flag": 1, "change_message": "[{\"added\": {}}]"}}, {"model": "admin.logentry", "pk": 76, "fields": {"action_time": "2020-11-08T17:33:50.630Z", "user": 3, "content_type": null, "object_id": "4", "object_repr": "\u043a\u0443\u043a\u0443", "action_flag": 3, "change_message": ""}}, {"model": "admin.logentry", "pk": 77, "fields": {"action_time": "2020-11-08T17:34:21.247Z", "user": 3, "content_type": null, "object_id": "16", "object_repr": "\u043a\u043a\u043a", "action_flag": 1, "change_message": "[{\"added\": {}}]"}}, {"model": "admin.logentry", "pk": 78, "fields": {"action_time": "2020-11-08T17:34:31.281Z", "user": 3, "content_type": null, "object_id": "75", "object_repr": "gggg (\u0424\u0438\u043b\u044c\u043c)", "action_flag": 2, "change_message": "[{\"changed\": {\"fields\": [\"\\u0416\\u0430\\u043d\\u0440\", \"\\u041a\\u0430\\u0442\\u0435\\u0433\\u043e\\u0440\\u0438\\u044f\"]}}]"}}, {"model": "admin.logentry", "pk": 79, "fields": {"action_time": "2020-11-08T17:37:08.256Z", "user": 3, "content_type": null, "object_id": "16", "object_repr": "\u043a\u043a\u043a", "action_flag": 3, "change_message": ""}}, {"model": "admin.logentry", "pk": 80, "fields": {"action_time": "2020-11-08T17:38:01.063Z", "user": 3, "content_type": null, "object_id": "17", "object_repr": "gggg", "action_flag": 1, "change_message": "[{\"added\": {}}]"}}, {"model": "admin.logentry", "pk": 81, "fields": {"action_time": "2020-11-08T17:38:08.878Z", "user": 3, "content_type": null, "object_id": "75", "object_repr": "gggg (\u0424\u0438\u043b\u044c\u043c)", "action_flag": 2, "change_message": "[{\"changed\": {\"fields\": [\"\\u0416\\u0430\\u043d\\u0440\"]}}]"}}, {"model": "admin.logentry", "pk": 82, "fields": {"action_time": "2020-11-08T17:38:19.539Z", "user": 3, "content_type": null, "object_id": "17", "object_repr": "gggg", "action_flag": 3, "change_message": ""}}, {"model": "admin.logentry", "pk": 83, "fields": {"action_time": "2020-11-08T17:38:44.017Z", "user": 3, "content_type": null, "object_id": "75", "object_repr": "gggg (\u0424\u0438\u043b\u044c\u043c)", "action_flag": 3, "change_message": ""}}, {"model": "admin.logentry", "pk": 84, "fields": {"action_time": "2020-11-10T08:41:52.456Z", "user": 3, "content_type": null, "object_id": "13", "object_repr": "fake@mail.com", "action_flag": 3, "change_message": ""}}, {"model": "admin.logentry", "pk": 85, "fields": {"action_time": "2020-11-10T08:51:58.482Z", "user": 3, "content_type": null, "object_id": "15", "object_repr": "5@g.ru", "action_flag": 3, "change_message": ""}}, {"model": "admin.logentry", "pk": 86, "fields": {"action_time": "2020-11-10T08:51:58.493Z", "user": 3, "content_type": null, "object_id": "16", "object_repr": "6@g.ru", "action_flag": 3, "change_message": ""}}, {"model": "admin.logentry", "pk": 87, "fields": {"action_time": "2020-11-10T08:57:31.432Z", "user": 3, "content_type": null, "object_id": "17", "object_repr": "6@g.ru", "action_flag": 2, "change_message": "[{\"changed\": {\"fields\": [\"Password\"]}}]"}}, {"model": "admin.logentry", "pk": 88, "fields": {"action_time": "2020-11-10T09:15:53.155Z", "user": 3, "content_type": null, "object_id": "21", "object_repr": "11@g.ru", "action_flag": 2, "change_message": "[]"}}]